,Accuracy,Precision,Recall,F1-Score
RandomForest,0.6775971341967484,0.6769293924375617,0.68001088734397,0.6681397519485947
